{"IqrWithinRuns": [[8.465157484296868e-05, 9.120274767509153e-05, 0.00024513984959992406, 2.9961037884531168e-05, 1.475151028905029e-05, 7.410370973955047e-05, 7.497577029358867e-07, 6.653426260780242e-05, 1.4307234876001954e-05, 8.35619801166896e-05, 9.058793536516941e-06, 5.751710700823372e-05, 1.5116357558349184e-05, 5.734670753029374e-05, 8.450096369149913e-05, 5.2628016180694695e-05, 7.387353302539767e-05, 9.291127727930742e-05, 4.366211784344183e-06, 1.2562289254323101e-05, 2.6994987616905045e-05], [5.767044075611835e-05, 7.763543322312796e-05, 0.00017802486720575804, 8.230004244590479e-06, 1.0219947844877932e-05, 4.568094480738396e-05, 4.5670368110408646e-06, 6.116103661463826e-05, 9.663480184196136e-06, 7.038563151713913e-05, 5.026027345545014e-06, 4.921975515842187e-05, 9.290913651102666e-06, 2.2603735434006378e-05, 3.646416332066664e-05, 1.7588951784344994e-05, 2.8918309384928097e-05, 6.458274101448133e-05, 2.012916948402241e-05, 1.9026906145192434e-05, 1.3274564631231834e-05], [0.0001379497926230937, 0.0001532413864227672, 0.00033983305158334176, 4.795628717054633e-05, 4.2046962246852284e-05, 8.463315550857321e-05, 8.326997482588221e-06, 0.00012759819412371104, 2.7663116212721994e-05, 0.00016779867503124993, 0.00022532860254745446, 0.00018093100621988464, 2.324520254916152e-06, 6.314108711545006e-05, 0.00012778878607620165, 0.00019161857662733866, 3.0433520299231713e-05, 0.0002224697232600953, 6.077213438081216e-05, 6.270241381784655e-06, 7.270322958258378e-05]], "LowerCVaROnDiffs": [-0.0001804825005965814, -0.00011663794029415812, -0.0002649181368588196], "LowerCVaROnDrawdown": [0.0, 0.0, 0.0], "IqrAcrossRuns": [0.05768551083988826, 0.0573431918929063, 0.05705831984195198, 0.0568252310145234, 0.056637961014903926, 0.05649044731962625, 0.056376719498034404, 0.056291069982652965, 0.056228199296158916, 0.05618332981212036, 0.056152283395743664, 0.05613152155790285, 0.05611814948277634, 0.056109886739653676, 0.056105009679582166, 0.056102273078868066, 0.056100820765410425, 0.056100095343702076, 0.05609975530322661, 0.05609960522454299, 0.05609954193061839], "LowerCVaROnAcross": [-5.4150298694078085, -5.413106566153202, -5.411509774470657, -5.410204236889809, -5.409154060226681, -5.408323825214252, -5.4076795492814025, -5.407189475491057, -5.406824669723589, -5.406559422101841, -5.406371459573462, -5.40624198400087, -5.40615555797403, -5.406099866078148, -5.40606538449109, -5.406044992602841, -5.406033559636879, -5.406027538550025, -5.406024593129506, -5.406023272827736, -5.406022740132397], "MedianPerfDuringTraining": [[-0.05113926902413368, -0.052337534725666046, -0.051228512078523636, -0.0510287843644619, -0.05008479952812195, -0.04910510405898094, -0.044683702290058136, -0.042153358459472656, -0.041030313819646835, -0.04109889268875122, -0.03981611132621765, -0.03975866362452507, -0.03927512466907501, -0.03880695626139641, -0.03963344544172287, -0.03836440294981003, -0.03862614184617996, -0.03821944072842598, -0.03897108882665634, -0.03828156366944313, -0.03756018728017807], [-0.05166052281856537, -0.052431002259254456, -0.05111284554004669, -0.05062469467520714, -0.04907944053411484, -0.04720974341034889, -0.042897939682006836, -0.041233111172914505, -0.04068304970860481, -0.04070718213915825, -0.03984791785478592, -0.03983696177601814, -0.035791922360658646, -0.03372916206717491, -0.03330881521105766, -0.03303546458482742, -0.034427497535943985, -0.034758247435092926, -0.03557450324296951, -0.03419169783592224, -0.03141851723194122], [-0.05122260004281998, -0.05242098122835159, -0.05073188245296478, -0.0495733879506588, -0.04831802099943161, -0.048168595880270004, -0.045430492609739304, -0.044852130115032196, -0.04530547931790352, -0.04603999853134155, -0.04584135487675667, -0.04505640268325806, -0.04443627595901489, -0.043879326432943344, -0.04479566588997841, -0.04379480332136154, -0.04325991868972778, -0.04284602031111717, -0.04324502497911453, -0.04239168018102646, -0.04113766551017761]]}