{"permutation0": {"curves1": {"IqrAcrossRuns": [0.01953139812937658, 0.019438922392305307, 0.019356596491284222, 0.019285053809271934, 0.019224342947054125, 0.019174028309614195, 0.019133305443977153, 0.01910112107960094, 0.019076287831289677, 0.019057585529523236, 0.01904384302437856, 0.01903399680265539, 0.019027125516584278, 0.01902246286920872, 0.01901939423612491, 0.019017443083202724, 0.01901625175322334, 0.019015559864546287, 0.019015183094150644, 0.019014994762957697, 0.019014911205295387], "LowerCVaROnAcross": [-4.230712959614839, -4.226929274167316, -4.223769198935156, -4.221169788895691, -4.219066199904799, -4.217393587530755, -4.216088827654954, -4.215092006339892, -4.214347639851103, -4.2138056003517805, -4.213421736574863, -4.21315819013432, -4.212983420518175, -4.212871964118695, -4.212803965040149, -4.212764527819137, -4.212742954023608, -4.2127319306652256, -4.212726735282428, -4.212724513549788, -4.212723670152131]}, "curves2": {"IqrAcrossRuns": [0.004681752520742618, 0.004586068866618809, 0.0045132648942539716, 0.004459195589187066, 0.00442013630135925, 0.00439282312052827, 0.00437446682940986, 0.0043627440581910735, 0.004355770097746232, 0.00435205860220483, 0.00435047311751927, 0.004350174496813316, 0.004350567947567446, 0.0043512532435181816, 0.004351980475588902, 0.0043526122430087985, 0.004353091761148138, 0.0043534155499989945, 0.004353610051636529, 0.004353712836219452, 0.0043537594589250364], "LowerCVaROnAcross": [-4.230712959614839, -4.226929274167316, -4.223769198935156, -4.221169788895691, -4.219066199904799, -4.217393587530755, -4.216088827654954, -4.215092006339892, -4.214347639851103, -4.2138056003517805, -4.213421736574863, -4.21315819013432, -4.212983420518175, -4.212871964118695, -4.212803965040149, -4.212764527819137, -4.212742954023608, -4.2127319306652256, -4.212726735282428, -4.212724513549788, -4.212723670152131]}}, "permutation1": {"curves1": {"IqrAcrossRuns": [0.004875805585368195, 0.004776155957768645, 0.0047003343474804685, 0.004644023934131164, 0.004603345685354114, 0.004574900405715812, 0.004555783268198345, 0.004543574602077848, 0.004536311579280629, 0.004532446246670531, 0.004530795045533538, 0.004530484047355068, 0.00453089380617424, 0.004531607506825742, 0.004532364881799444, 0.004533022835226273, 0.00453352222882124, 0.00453385943833373, 0.004534062001832431, 0.004534169046713868, 0.004534217601875058], "LowerCVaROnAcross": [-4.230712959614839, -4.226929274167316, -4.223769198935156, -4.221169788895691, -4.219066199904799, -4.217393587530755, -4.216088827654954, -4.215092006339892, -4.214347639851103, -4.2138056003517805, -4.213421736574863, -4.21315819013432, -4.212983420518175, -4.212871964118695, -4.212803965040149, -4.212764527819137, -4.212742954023608, -4.2127319306652256, -4.212726735282428, -4.212724513549788, -4.212723670152131]}, "curves2": {"IqrAcrossRuns": [0.02415940444643142, 0.023972343497142733, 0.02381804940845724, 0.023693058133359413, 0.023593736381307958, 0.023516422116513832, 0.02345755368874438, 0.023413781129773614, 0.023382053981613818, 0.023359682792024872, 0.023344373003452063, 0.02333423158916854, 0.023327749237063395, 0.0233237640184872, 0.02332141426889891, 0.02332008763074918, 0.023319370314073187, 0.0233189984971723, 0.02331881399554849, 0.02331872726897838, 0.02331868979879613], "LowerCVaROnAcross": [-4.056517983322856, -4.052690501110544, -4.049474898275194, -4.046812425949327, -4.044642005679404, -4.042902061484793, -4.0415321897395, -4.040474618826438, -4.039675422983593, -4.039085465557059, -4.0386610582340206, -4.038364336388331, -4.03816336271353, -4.038031980941683, -4.037949450286566, -4.03789990073079, -4.037871660251011, -4.037856514084123, -4.037848959370799, -4.037845511867084, -4.03784410617769]}}, "permutation2": {"curves1": {"IqrAcrossRuns": [0.02443997369880691, 0.024250740363571915, 0.024094654418750052, 0.0239682115884748, 0.02386773638788617, 0.023789524253050615, 0.023729972171393734, 0.023685691270664284, 0.023653595667137185, 0.02363096467528566, 0.023615477090279856, 0.023605217901196466, 0.023598660267902673, 0.02359462876797882, 0.02359225173015638, 0.02359090968542349, 0.02359018403836816, 0.02358980790346342, 0.023589621259175752, 0.023589533525428124, 0.023589495620095692], "LowerCVaROnAcross": [-4.230712959614839, -4.226929274167316, -4.223769198935156, -4.221169788895691, -4.219066199904799, -4.217393587530755, -4.216088827654954, -4.215092006339892, -4.214347639851103, -4.2138056003517805, -4.213421736574863, -4.21315819013432, -4.212983420518175, -4.212871964118695, -4.212803965040149, -4.212764527819137, -4.212742954023608, -4.2127319306652256, -4.212726735282428, -4.212724513549788, -4.212723670152131]}, "curves2": {"IqrAcrossRuns": [0.02443997369880691, 0.024250740363571915, 0.024094654418750052, 0.0239682115884748, 0.02386773638788617, 0.023789524253050615, 0.023729972171393734, 0.023685691270664284, 0.023653595667137185, 0.02363096467528566, 0.023615477090279856, 0.023605217901196466, 0.023598660267902673, 0.02359462876797882, 0.02359225173015638, 0.02359090968542349, 0.02359018403836816, 0.02358980790346342, 0.023589621259175752, 0.023589533525428124, 0.023589495620095692], "LowerCVaROnAcross": [-4.230712959614839, -4.226929274167316, -4.223769198935156, -4.221169788895691, -4.219066199904799, -4.217393587530755, -4.216088827654954, -4.215092006339892, -4.214347639851103, -4.2138056003517805, -4.213421736574863, -4.21315819013432, -4.212983420518175, -4.212871964118695, -4.212803965040149, -4.212764527819137, -4.212742954023608, -4.2127319306652256, -4.212726735282428, -4.212724513549788, -4.212723670152131]}}, "permutation3": {"curves1": {"IqrAcrossRuns": [0.02415940444643142, 0.023972343497142733, 0.02381804940845724, 0.023693058133359413, 0.023593736381307958, 0.023516422116513832, 0.02345755368874438, 0.023413781129773614, 0.023382053981613818, 0.023359682792024872, 0.023344373003452063, 0.02333423158916854, 0.023327749237063395, 0.0233237640184872, 0.02332141426889891, 0.02332008763074918, 0.023319370314073187, 0.0233189984971723, 0.02331881399554849, 0.02331872726897838, 0.02331868979879613], "LowerCVaROnAcross": [-4.056517983322856, -4.052690501110544, -4.049474898275194, -4.046812425949327, -4.044642005679404, -4.042902061484793, -4.0415321897395, -4.040474618826438, -4.039675422983593, -4.039085465557059, -4.0386610582340206, -4.038364336388331, -4.03816336271353, -4.038031980941683, -4.037949450286566, -4.03789990073079, -4.037871660251011, -4.037856514084123, -4.037848959370799, -4.037845511867084, -4.03784410617769]}, "curves2": {"IqrAcrossRuns": [0.004875805585368195, 0.004776155957768645, 0.0047003343474804685, 0.004644023934131164, 0.004603345685354114, 0.004574900405715812, 0.004555783268198345, 0.004543574602077848, 0.004536311579280629, 0.004532446246670531, 0.004530795045533538, 0.004530484047355068, 0.00453089380617424, 0.004531607506825742, 0.004532364881799444, 0.004533022835226273, 0.00453352222882124, 0.00453385943833373, 0.004534062001832431, 0.004534169046713868, 0.004534217601875058], "LowerCVaROnAcross": [-4.230712959614839, -4.226929274167316, -4.223769198935156, -4.221169788895691, -4.219066199904799, -4.217393587530755, -4.216088827654954, -4.215092006339892, -4.214347639851103, -4.2138056003517805, -4.213421736574863, -4.21315819013432, -4.212983420518175, -4.212871964118695, -4.212803965040149, -4.212764527819137, -4.212742954023608, -4.2127319306652256, -4.212726735282428, -4.212724513549788, -4.212723670152131]}},