{"bootstrap0": {"IqrAcrossRuns": [0.05768551083988826, 0.0573431918929063, 0.05705831984195198, 0.0568252310145234, 0.056637961014903926, 0.05649044731962625, 0.056376719498034404, 0.056291069982652965, 0.056228199296158916, 0.05618332981212036, 0.056152283395743664, 0.05613152155790285, 0.05611814948277634, 0.056109886739653676, 0.056105009679582166, 0.056102273078868066, 0.056100820765410425, 0.056100095343702076, 0.05609975530322661, 0.05609960522454299, 0.05609954193061839], "LowerCVaROnAcross": [NaN, NaN, -3.7561025141958195, NaN, -3.7541554893944484, -3.7534380666269724, -3.7528651620643414, -3.7524168526171406, -3.7520737326033666, -3.7518174393533483, NaN, -3.751499576805588, -3.751409829303504, -3.7513508493414447, -3.7513137164635557, -3.7512914601239755, NaN, -3.7512721787251335, NaN, -3.7512674387692, -3.75126685217091]}, "bootstrap1": {"IqrAcrossRuns": [0.01897795689746136, 0.018781305146025384, 0.018623789160282737, 0.01850036479461568, 0.01840598033657142, 0.018335744253275096, 0.0182850684344521, 0.01824978214941175, 0.01822621384974495, 0.01821123936466954, 0.0182022968344696, 0.018197370879410098, 0.01819495047597621, 0.01819396608901169, 0.018193712393893894, 0.018193764395577686, 0.01819389609801299, 0.018194009550328242, 0.018194078863423533, 0.01819411076574029, 0.01819412079237868], "LowerCVaROnAcross": [-5.4150298694078085, -5.413106566153202, -5.411509774470657, -5.410204236889809, -5.409154060226681, -5.408323825214252, -5.4076795492814025, -5.407189475491057, -5.406824669723589, -5.406559422101841, -5.406371459573462, -5.40624198400087, -5.40615555797403, -5.406099866078148, -5.40606538449109, -5.406044992602841, -5.406033559636879, -5.406027538550025, -5.406024593129506, -5.406023272827736, -5.406022740132397]}, "bootstrap2": {"IqrAcrossRuns": [0.030315879507242377, 0.03025716779821562, 0.030199462163649948, 0.030144373497357, 0.030093222882672403, 0.03004700226738515, 0.030006358102066703, 0.029971597763948712, 0.029942716809674152, 0.02991944322966913, 0.02990129355218145, 0.029887635828585824, 0.029877754411069057, 0.029870911331214323, 0.029866400145187235, 0.029863588548680823, 0.02986194629659494, 0.029861057256217887, 0.029860617253777345, 0.0298604211662081, 0.029860343412065376], "LowerCVaROnAcross": [-5.4150298694078085, -5.413106566153202, -5.411509774470657, -5.410204236889809, -5.409154060226681, -5.408323825214252, -5.4076795492814025, -5.407189475491057, -5.406824669723589, -5.406559422101841, -5.406371459573462, -5.40624198400087, -5.40615555797403, -5.406099866078148, -5.40606538449109, -5.406044992602841, -5.406033559636879, -5.406027538550025, -5.406024593129506, -5.406023272827736, -5.406022740132397]}, "bootstrap3": {"IqrAcrossRuns": [0.030315879507242377, 0.03025716779821562, 0.030199462163649948, 0.030144373497357, 0.030093222882672403, 0.03004700226738515, 0.030006358102066703, 0.029971597763948712, 0.029942716809674152, 0.02991944322966913, 0.02990129355218145, 0.029887635828585824, 0.029877754411069057, 0.029870911331214323, 0.029866400145187235, 0.029863588548680823, 0.02986194629659494, 0.029861057256217887, 0.029860617253777345, 0.0298604211662081, 0.029860343412065376], "LowerCVaROnAcross": [-5.4150298694078085, -5.413106566153202, -5.411509774470657, -5.410204236889809, -5.409154060226681, -5.408323825214252, -5.4076795492814025, -5.407189475491057, -5.406824669723589, -5.406559422101841, -5.406371459573462, -5.40624198400087, -5.40615555797403, -5.406099866078148, -5.40606538449109, -5.406044992602841, -5.406033559636879, -5.406027538550025, -5.406024593129506, -5.406023272827736, -5.406022740132397]}, "bootstrap4": {"IqrAcrossRuns": [0.03881397101240136, 0.03841177622288769, 0.038089622424265515, 0.03783719326252229, 0.03764415690785329, 0.03750050913186679, 0.03739686627012709, 0.03732469828850022, 0.0372764960871241, 0.037245870070172805, 0.037227580687926164, 0.03721750605882246, 0.03721255581738031, 0.037210542536008015, 0.03721002367536346, 0.03721013002990195, 0.03721039938948232, 0.03721063142367331, 0.0372107731837419, 0.03721083843078638, 0.037210858937401184], "LowerCVaROnAcross": [-5.4150298694078085, NaN, -5.411509774470657, NaN, -5.409154060226681, -5.408323825214252, -5.4076795492814025, -5.407189475491057, -5.406824669723589, -5.406559422101841, -5.406371459573462, -5.40624198400087, -5.40615555797403, -5.406099866078148, -5.40606538449109, -5.406044992602841, -5.406033559636879, -5.406027538550025, NaN, NaN, -5.406022740132397]}}