{"bootstrap0": {"IqrAcrossRuns": [0.004681752520742618, 0.004586068866618809, 0.0045132648942539716, 0.004459195589187066, 0.00442013630135925, 0.00439282312052827, 0.00437446682940986, 0.0043627440581910735, 0.004355770097746232, 0.00435205860220483, 0.00435047311751927, 0.004350174496813316, 0.004350567947567446, 0.0043512532435181816, 0.004351980475588902, 0.0043526122430087985, 0.004353091761148138, 0.0043534155499989945, 0.004353610051636529, 0.004353712836219452, 0.0043537594589250364], "LowerCVaROnAcross": [-4.230712959614839, -4.226929274167316, -4.223769198935156, -4.221169788895691, -4.219066199904799, -4.217393587530755, -4.216088827654954, -4.215092006339892, -4.214347639851103, -4.2138056003517805, -4.213421736574863, -4.21315819013432, -4.212983420518175, -4.212871964118695, -4.212803965040149, -4.212764527819137, -4.212742954023608, -4.2127319306652256, -4.212726735282428, -4.212724513549788, -4.212723670152131]}, "bootstrap1": {"IqrAcrossRuns": [0.02057717590797659, 0.02047974870402884, 0.020393014793027072, 0.020317641471417233, 0.020253679942237104, 0.02020067128722483, 0.02015776798024498, 0.020123860355052516, 0.020097697449791844, 0.020077993762898417, 0.020063515437081434, 0.020053142015010753, 0.02004590281680985, 0.020040990515365367, 0.020037757577183245, 0.02003570195286812, 0.020034446835011842, 0.020033717900250898, 0.020033320956281155, 0.020033122541192768, 0.020033034509568275], "LowerCVaROnAcross": [-4.230712959614839, -4.226929274167316, -4.223769198935156, -4.221169788895691, -4.219066199904799, -4.217393587530755, -4.216088827654954, -4.215092006339892, -4.214347639851103, -4.2138056003517805, -4.213421736574863, -4.21315819013432, -4.212983420518175, -4.212871964118695, -4.212803965040149, -4.212764527819137, -4.212742954023608, -4.2127319306652256, -4.212726735282428, -4.212724513549788, -4.212723670152131]}, "bootstrap2": {"IqrAcrossRuns": [0.024439973698806423, 0.02425074036357143, 0.024094654418749566, 0.023968211588474314, 0.023867736387885686, 0.02378952425305013, 0.023729972171393252, 0.0236856912706638, 0.0236535956671367, 0.02363096467528518, 0.02361547709027937, 0.02360521790119598, 0.023598660267902187, 0.023594628767978333, 0.023592251730155896, 0.023590909685423003, 0.023590184038367674, 0.02358980790346342, 0.023589621259175752, 0.023589533525428124, 0.023589495620095692], "LowerCVaROnAcross": [-4.056517983322856, -4.052690501110544, -4.049474898275194, -4.046812425949327, -4.044642005679404, -4.042902061484793, -4.0415321897395, -4.040474618826438, -4.039675422983593, -4.039085465557059, -4.0386610582340206, -4.038364336388331, -4.03816336271353, -4.038031980941683, -4.037949450286566, -4.03789990073079, -4.037871660251011, -4.037856514084123, -4.037848959370799, -4.037845511867084, -4.03784410617769]}, "bootstrap3": {"IqrAcrossRuns": [0.024439973698806423, 0.02425074036357143, 0.024094654418749566, 0.023968211588474314, 0.023867736387885686, 0.02378952425305013, 0.023729972171393252, 0.0236856912706638, 0.0236535956671367, 0.02363096467528518, 0.02361547709027937, 0.02360521790119598, 0.023598660267902187, 0.023594628767978333, 0.023592251730155896, 0.023590909685423003, 0.023590184038367674, 0.02358980790346342, 0.023589621259175752, 0.023589533525428124, 0.023589495620095692], "LowerCVaROnAcross": [-4.056517983322856, -4.052690501110544, -4.049474898275194, -4.046812425949327, -4.044642005679404, -4.042902061484793, -4.0415321897395, -4.040474618826438, -4.039675422983593, -4.039085465557059, -4.0386610582340206, -4.038364336388331, -4.03816336271353, -4.038031980941683, -4.037949450286566, -4.03789990073079, -4.037871660251011, -4.037856514084123, -4.037848959370799, -4.037845511867084, -4.03784410617769]}, "bootstrap4": {"IqrAcrossRuns": [0.01953139812937658, 0.019438922392305307, 0.019356596491284222, 0.019285053809271934, 0.019224342947054125, 0.019174028309614195, 0.019133305443977153, 0.01910112107960094, 0.019076287831289677, 0.019057585529523236, 0.01904384302437856, 0.01903399680265539, 0.019027125516584278, 0.01902246286920872, 0.01901939423612491, 0.019017443083202724, 0.01901625175322334, 0.019015559864546287, 0.019015183094150644, 0.019014994762957697, 0.019014911205295387], "LowerCVaROnAcross": [-4.230712959614839, -4.226929274167316, -4.223769198935156, -4.221169788895691, -4.219066199904799, -4.217393587530755, -4.216088827654954, -4.215092006339892, -4.214347639851103, -4.2138056003517805, -4.213421736574863, -4.21315819013432, -4.212983420518175, -4.212871964118695, -4.212803965040149, -4.212764527819137, -4.212742954023608, -4.2127319306652256, -4.212726735282428, -4.212724513549788, -4.212723670152131]}}