{"permutation0": {"curves1": {"IqrAcrossRuns": [0.06991368702926468, 0.06961479632596013, 0.0693725349277443, 0.0691795217563099, 0.06902865342399028, 0.06891320679760615, 0.06882693116310899, 0.06876412809825609, 0.06871971812031696, 0.06868929132104502, 0.06866913607511206, 0.06865623953469184, 0.06864825666517972, 0.06864344929437408, 0.06864060042718016, 0.06863891199633355, 0.06863789710490624, 0.06863727829531455, 0.06863690317320098, 0.06863668505035785, 0.06863656857119443], "LowerCVaROnAcross": [-5.4150298694078085, -5.413106566153202, -5.411509774470657, -5.410204236889809, -5.409154060226681, -5.408323825214252, -5.4076795492814025, -5.407189475491057, -5.406824669723589, -5.406559422101841, -5.406371459573462, -5.40624198400087, -5.40615555797403, -5.406099866078148, -5.40606538449109, -5.406044992602841, -5.406033559636879, -5.406027538550025, -5.406024593129506, -5.406023272827736, -5.406022740132397]}, "curves2": {"IqrAcrossRuns": [0.0994898812343125, 0.09918373623757573, 0.09892190850816356, 0.09870150592913542, 0.09851909605281338, 0.09837084980431923, 0.09825269401265724, 0.09816046612045339, 0.09809006390310956, 0.09803758266026853, 0.09799943176553662, 0.09797242327375867, 0.09795382753620056, 0.09794139340993144, 0.09793333442145638, 0.09792828629940604, 0.09792524492940496, 0.09792349623014353, 0.09792254833726179, 0.09792207271071546, 0.09792185743303003], "LowerCVaROnAcross": [-7.672456510944733, -7.6685048573911265, -7.6652109042884495, -7.6625089645264515, -7.6603304130000245, -7.658606021421611, -7.657268090106263, -7.656252290000494, -7.655499152994252, -7.654955174560235, -7.654573517412806, -7.654314326080985, -7.654144682511762, -7.6540382538424, -7.653974698268782, -7.653938901596894, -7.6539201196201025, -7.6539110977592335, -7.653907230088328, -7.653905807562757, -7.653905388134609]}}, "permutation1": {"curves1": {"IqrAcrossRuns": [0.05850749653088067, 0.05801171367738923, 0.0576085421167647, 0.05728640339863782, 0.05703385703183259, 0.05683990476338645, 0.05669424832586545, 0.056587493490892427, 0.05651129671058723, 0.056458452591172555, 0.056422922811053315, 0.056399810257187426, 0.05638528493155791, 0.05637647017768935, 0.05637130014115543, 0.056368362253450356, 0.056366739934345884, 0.0563658687456253, 0.05636541628544482, 0.05636519230293243, 0.05636508920590945], "LowerCVaROnAcross": [-4.9153414461838265, -4.913873122255413, -4.912608183238592, -4.911533653695815, -4.91063442962903, -4.909893868012342, -4.909294379893896, -4.908818013553275, -4.908447010180235, -4.908164310150442, -4.907953987049868, -4.907801587571131, -4.907694362537806, -4.907621386234193, -4.907573571490242, -4.907543595835487, -4.907525758672821, -4.907515790590845, -4.907510634567717, -4.907508215905703, -4.907507216497673]}, "curves2": {"IqrAcrossRuns": [0.09809842395077467, 0.09774752888975045, 0.09745805516699288, 0.09722361688249918, 0.09703747286344447, 0.0968927862243851, 0.09678286388084101, 0.09670136683941824, 0.09664248387232302, 0.09660106331517783, 0.09657269878746845, 0.09655376552808603, 0.09654140740161488, 0.09653347851463721, 0.09652844723380996, 0.09652527552730886, 0.0965232913821246, 0.09652207226541042, 0.09652135200562237, 0.09652095558019663, 0.09652076055254956], "LowerCVaROnAcross": [-7.672456510944733, -7.6685048573911265, -7.6652109042884495, -7.6625089645264515, -7.6603304130000245, -7.658606021421611, -7.657268090106263, -7.656252290000494, -7.655499152994252, -7.654955174560235, -7.654573517412806, -7.654314326080985, -7.654144682511762, -7.6540382538424, -7.653974698268782, -7.653938901596894, -7.6539201196201025, -7.6539110977592335, -7.653907230088328, -7.653905807562757, -7.653905388134609]}}, "permutation2": {"curves1": {"IqrAcrossRuns": [0.040721913681703165, 0.04044443168201492, 0.04021425320813819, 0.04002574966627251, 0.039873487156438854, 0.03975230802453342, 0.03965739777571605, 0.03958433700303503, 0.039529138878245045, 0.039488272649254814, 0.0394586732934395, 0.039437737551947176, 0.039423306479176246, 0.039413635223963656, 0.03940735236902275, 0.03940341213802321, 0.03940104207821047, 0.03939968876330222, 0.03939896630892766, 0.03939861321579379, 0.039398459475137704], "LowerCVaROnAcross": [-5.4150298694078085, -5.413106566153202, -5.411509774470657, -5.410204236889809, -5.409154060226681, -5.408323825214252, -5.4076795492814025, -5.407189475491057, -5.406824669723589, -5.406559422101841, -5.406371459573462, -5.40624198400087, -5.40615555797403, -5.406099866078148, -5.40606538449109, -5.406044992602841, -5.406033559636879, -5.406027538550025, -5.406024593129506, -5.406023272827736, -5.406022740132397]}, "curves2": {"IqrAcrossRuns": [0.06327913409537632, 0.06296776194231359, 0.06270529522698125, 0.0624874213447678, 0.062309415033062185, 0.06216636162926841, 0.06205335709615819, 0.061965677763774964, 0.06189891435502958, 0.06184906860809015, 0.06181261462784854, 0.06178652838554193, 0.061768288799876586, 0.061755853343113, 0.061747612577484276, 0.06174233090976847, 0.06173908177745317, 0.06173718513882073, 0.061736152391366775, 0.06173564085476686, 0.06173541864090969], "LowerCVaROnAcross": [-7.672456510944733, -7.6685048573911265, -7.6652109042884495, -7.6625089645264515, -7.6603304130000245, -7.658606021421611, -7.657268090106263, -7.656252290000494, -7.655499152994252, -7.654955174560235, -7.654573517412806, -7.654314326080985, -7.654144682511762, -7.6540382538424, -7.653974698268782, -7.653938901596894, -7.6539201196201025, -7.6539110977592335, -7.653907230088328, -7.653905807562757, -7.653905388134609]}}, "permutation3": {"curves1": {"IqrAcrossRuns": [0.06882226488288103, 0.06872714160286676, 0.06864195678904317, 0.06856718292993041, 0.0685029877277671, 0.06844920164822452, 0.06840532042388599, 0.06837054073396671, 0.06834382497390712, 0.06832398679406519, 0.06830978450148958, 0.06830000921191078, 0.06829355761374936, 0.06828948319579158, 0.06828702333901834, 0.06828560217447835, 0.06828481301438674, 0.06828438775238001, 0.068284161899721, 0.06828404190544178, 0.06828397827632617], "LowerCVaROnAcross": [-5.4150298694078085, -5.413106566153202, -5.411509774470657, -5.410204236889809, -5.409154060226681, -5.408323825214252, -5.4076795492814025, -5.407189475491057, -5.406824669723589, -5.406559422101841, -5.406371459573462, -5.40624198400087, -5.40615555797403, -5.406099866078148, -5.40606538449109, -5.406044992602841, -5.406033559636879, -5.406027538550025, -5.406024593129506, -5.406023272827736, -5.406022740132397]}, "curves2": {"IqrAcrossRuns": [0.13118725899084224, 0.13058618521888704, 0.13008905709146312, 0.12968435700426814, 0.12936043441792333, 0.1291058267737444, 0.12890954728406243, 0.12876133078821012, 0.1286518314041688, 0.12857276756858993, 0.1285170107406113, 0.1284786149444221, 0.12845278733607432, 0.128435804143835, 0.12842488149409356, 0.1284180163483779, 0.1284138165305323, 0.1284113389588819, 0.12840995228842908, 0.12840923361589462, 0.12840890002277275], "LowerCVaROnAcross": [-7.672456510944733, -7.6685048573911265, -7.6652109042884495, -7.6625089645264515, -7.6603304130000245, -7.658606021421611, -7.657268090106263, -7.656252290000494, -7.655499152994252, -7.654955174560235, -7.654573517412806, -7.654314326080985, -7.654144682511762, -7.6540382538424, -7.653974698268782, -7.653938901596894, -7.6539201196201025, -7.6539110977592335, -7.653907230088328, -7.653905807562757, -7.653905388134609]}}, "permutation4": {"curves1": {"IqrAcrossRuns": [0.05768551083988877, 0.05734319189290681, 0.05705831984195248, 0.056825231014523914, 0.05663796101490444, 0.05649044731962676, 0.05637671949803492, 0.05629106998265347, 0.05622819929615943, 0.056183329812120875, 0.05615228339574418, 0.056131521557903366, 0.056118149482776845, 0.05610988673965419, 0.05610500967958267, 0.05610227307886858, 0.05610082076541094, 0.05610009534370258, 0.056099755303227125, 0.056099605224543506, 0.056099541930618904],