{"permutation0": {"curves1": {"IqrAcrossRuns": [0.06991368702926536, 0.0696147963259608, 0.06937253492774498, 0.06917952175631058, 0.06902865342399096, 0.06891320679760683, 0.06882693116310967, 0.06876412809825677, 0.06871971812031764, 0.0686892913210457, 0.06866913607511273, 0.06865623953469252, 0.0686482566651804, 0.06864344929437476, 0.06864060042718084, 0.06863891199633423, 0.06863789710490692, 0.06863727829531523, 0.06863690317320166, 0.06863668505035853, 0.06863656857119511], "LowerCVaROnAcross": [-5.1299939741099045, -5.127985839140802, -5.126320358440363, NaN, -5.123865801622049, -5.12300090726578, -5.122329211534701, -5.1218173625648085, NaN, -5.121155824482873, -5.120956427223842, -5.1208176349775165, NaN, -5.120661964746002, -5.1206228340229565, -5.120598994404592, -5.120585151045038, -5.120577573251584, -5.12057372213474, -5.120571941068459, -5.120571210322897]}, "curves2": {"IqrAcrossRuns": [0.19456759222235695, 0.19367612244505564, 0.1929388174390441, 0.19233859511453313, 0.1918581762219031, 0.1914805603111022, 0.1911894525617382, 0.1909696284191541, 0.19080722673726339, 0.1906899648915721, 0.19060727033835703, 0.1905503244300923, 0.19051201876224205, 0.19048683050198204, 0.19047063080639254, 0.1904604489115782, 0.19045422004108975, 0.19045054548340565, 0.19044848887262436, 0.1904474229887443, 0.19044692822720263], "LowerCVaROnAcross": [-7.672456510944733, -7.6685048573911265, -7.6652109042884495, -7.6625089645264515, -7.6603304130000245, -7.658606021421611, -7.657268090106263, -7.656252290000494, NaN, -7.654955174560235, NaN, -7.654314326080985, -7.654144682511762, -7.6540382538424, -7.653974698268782, -7.653938901596894, -7.6539201196201025, -7.6539110977592335, NaN, -7.653905807562757, -7.653905388134609]}}, "permutation1": {"curves1": {"IqrAcrossRuns": [0.13118725899084158, 0.13058618521888637, 0.13008905709146243, 0.12968435700426748, 0.12936043441792267, 0.12910582677374374, 0.12890954728406176, 0.12876133078820942, 0.12865183140416814, 0.12857276756858926, 0.12851701074061064, 0.12847861494442142, 0.12845278733607365, 0.12843580414383432, 0.1284248814940929, 0.12841801634837724, 0.12841381653053163, 0.1284113389588812, 0.12840995228842841, 0.12840923361589396, 0.12840890002277208], "LowerCVaROnAcross": [-7.672456510944733, -7.6685048573911265, -7.6652109042884495, -7.6625089645264515, -7.6603304130000245, -7.658606021421611, -7.657268090106263, -7.656252290000494, -7.655499152994252, -7.654955174560235, -7.654573517412806, -7.654314326080985, -7.654144682511762, -7.6540382538424, -7.653974698268782, -7.653938901596894, -7.6539201196201025, -7.6539110977592335, -7.653907230088328, -7.653905807562757, -7.653905388134609]}, "curves2": {"IqrAcrossRuns": [0.06327913409537632, 0.06296776194231359, 0.06270529522698125, 0.0624874213447678, 0.062309415033062185, 0.06216636162926841, 0.06205335709615819, 0.061965677763774964, 0.06189891435502958, 0.06184906860809015, 0.06181261462784854, 0.06178652838554193, 0.061768288799876586, 0.061755853343113, 0.061747612577484276, 0.06174233090976847, 0.06173908177745317, 0.06173718513882073, 0.061736152391366775, 0.06173564085476686, 0.06173541864090969], "LowerCVaROnAcross": [-7.672456510944733, -7.6685048573911265, -7.6652109042884495, -7.6625089645264515, -7.6603304130000245, -7.658606021421611, -7.657268090106263, -7.656252290000494, -7.655499152994252, -7.654955174560235, -7.654573517412806, -7.654314326080985, -7.654144682511762, -7.6540382538424, -7.653974698268782, -7.653938901596894, -7.6539201196201025, -7.6539110977592335, -7.653907230088328, -7.653905807562757, -7.653905388134609]}}, "permutation2": {"curves1": {"IqrAcrossRuns": [0.13319282112464167, 0.1325825582682744, 0.13207783015472624, 0.13166694310107838, 0.13133806845705315, 0.13107956842687524, 0.13088028825926787, 0.13072980586203173, 0.13061863247534722, 0.13053835992913584, 0.13048175070296128, 0.13044276792023446, 0.130416545465057, 0.13039930263748775, 0.13038821300466513, 0.1303812429061027, 0.13037697888236008, 0.13037446343413595, 0.13037305556456844, 0.13037232590512537, 0.1303719872121048], "LowerCVaROnAcross": [-7.672456510944733, -7.6685048573911265, -7.6652109042884495, -7.6625089645264515, -7.6603304130000245, -7.658606021421611, -7.657268090106263, -7.656252290000494, -7.655499152994252, -7.654955174560235, -7.654573517412806, -7.654314326080985, -7.654144682511762, -7.6540382538424, -7.653974698268782, -7.653938901596894, -7.6539201196201025, -7.6539110977592335, -7.653907230088328, -7.653905807562757, -7.653905388134609]}, "curves2": {"IqrAcrossRuns": [0.13319282112464167, 0.1325825582682744, 0.13207783015472624, 0.13166694310107838, 0.13133806845705315, 0.13107956842687524, 0.13088028825926787, 0.13072980586203173, 0.13061863247534722, 0.13053835992913584, 0.13048175070296128, 0.13044276792023446, 0.130416545465057, 0.13039930263748775, 0.13038821300466513, 0.1303812429061027, 0.13037697888236008, 0.13037446343413595, 0.13037305556456844, 0.13037232590512537, 0.1303719872121048], "LowerCVaROnAcross": [-7.672456510944733, -7.6685048573911265, -7.6652109042884495, -7.6625089645264515, -7.6603304130000245, -7.658606021421611, -7.657268090106263, -7.656252290000494, -7.655499152994252, -7.654955174560235, -7.654573517412806, -7.654314326080985, -7.654144682511762, -7.6540382538424, -7.653974698268782, -7.653938901596894, -7.6539201196201025, -7.6539110977592335, -7.653907230088328, -7.653905807562757, -7.653905388134609]}}, "permutation3": {"curves1": {"IqrAcrossRuns": [0.06327913409537632, 0.06296776194231359, 0.06270529522698125, 0.0624874213447678, 0.062309415033062185, 0.06216636162926841, 0.06205335709615819, 0.061965677763774964, 0.06189891435502958, 0.06184906860809015, 0.06181261462784854, 0.06178652838554193, 0.061768288799876586, 0.061755853343113, 0.061747612577484276, 0.06174233090976847, 0.06173908177745317, 0.06173718513882073, 0.061736152391366775, 0.06173564085476686, 0.06173541864090969], "LowerCVaROnAcross": [-7.672456510944733, -7.6685048573911265, -7.6652109042884495, -7.6625089645264515, -7.6603304130000245, -7.658606021421611, -7.657268090106263, -7.656252290000494, -7.655499152994252, -7.654955174560235, -7.654573517412806, -7.654314326080985, -7.654144682511762, -7.6540382538424, -7.653974698268782, -7.653938901596894, -7.6539201196201025, -7.6539110977592335, -7.653907230088328, -7.653905807562757, -7.653905388134609]}, "curves2": {"IqrAcrossRuns": [0.13118725899084158, 0.13058618521888637, 0.13008905709146243, 0.12968435700426748, 0.12936043441792267, 0.12910582677374374, 0.12890954728406176, 0.12876133078820942, 0.12865183140416814, 0.12857276756858926, 0.12851701074061064, 0.12847861494442142, 0.12845278733607365, 0.12843580414383432, 0.1284248814940929, 0.12841801634837724, 0.12841381653053163, 0.1284113389588812, 0.12840995228842841, 0.12840923361589396, 0.12840890002277208], "LowerCVaROnAcross": [-7.672456510944733, -7.6685048573911265, -7.6652109042884495, -7.6625089645264515, -7.6603304130000245, -7.658606021421611, -7.657268090106263, -7.656252290000494, -7.655499152994252, -7.654955174560235, -7.654573517412806, -7.654314326080985, -7.654144682511762, -7.6540382538424, -7.653974698268782, -7.653938901596894, -7.6539201196201025, -7.6539110977592335, -7.653907230088328, -7.653905807562757, -7.653905388134609]}}, "permutation4": {"curves1": {"IqrAcrossRuns": [0.13319282112464167, 0.1325825582682744, 0.13207783015472624, 0.13166694310107838, 0.13133806845705315, 0.13107956842687524, 0.13088028825926787, 0.13072980586203173, 0.13061863247534722, 0.13053835992913584, 0.13048175070296128, 0.13044276792023446, 0.130416545465057, 0.13039930263748775, 0.13038821300466513, 0.1303812429061027, 0.13037697888236008, 0.13037446343413595, 0.13037305556456844, 0.13037232590512537, 0.1303719872121048],