{"IqrWithinRuns": [[0.00011164511959117829, 0.00010559429096388582, 0.00015888458171358486, 0.00011768331682397049, 0.0001698620448576499, 0.00010781572352862092, 0.0001298672734736496, 4.082701099483457e-05, 0.00011796719764882087, 3.848668705712313e-05, 3.182499377415493e-05, 9.835493926851567e-05, 3.1056301797507324e-06, 2.184202506099922e-05, 8.314400565844802e-05, 0.00010982684988595542, 4.052320642401991e-05, 1.6230300168291853e-05, 1.5803958048768852e-05, 5.2854182088036705e-05, 1.2732185215101188e-05], [0.00010763245089290787, 0.00010334353009279068, 0.00010725678889713476, 0.00011407376574895107, 0.0001763494382388488, 7.360927284612837e-05, 9.983793914378737e-05, 6.834824187066762e-05, 0.00010362887046791943, 4.810643434680068e-05, 1.765150278766968e-05, 0.00013142541703024734, 4.391583663221978e-05, 3.5528945244999294e-05, 8.177768355638478e-05, 0.00010391502455134227, 7.578960422015159e-05, 5.1532417501031855e-05, 9.425535777411071e-05, 7.359177811780539e-05, 7.483268326629781e-06], [0.00013291823262478713, 9.736755811660076e-05, 0.00011664872789076013, 9.631998886986639e-05, 0.00014722389901669319, 7.582686720851065e-05, 0.00012559915026661269, 4.985981649233396e-05, 7.301060768773716e-05, 5.0450795899038013e-05, 1.867809015742914e-05, 9.168290519143035e-05, 2.9567635552795908e-05, 5.542784398895422e-05, 8.289982614572706e-05, 0.00010019321460899031, 5.5607802431683964e-05, 1.4715400099494623e-05, 5.1182086251790295e-05, 5.888013688993348e-05, 2.177239705752757e-05]], "LowerCVaROnDiffs": [-0.00019065366745984875, -0.00017987446777487765, -0.000173154563285699], "LowerCVaROnDrawdown": [0.0, 0.0, 0.0], "IqrAcrossRuns": [0.02443997369880691, 0.024250740363571915, 0.024094654418750052, 0.0239682115884748, 0.02386773638788617, 0.023789524253050615, 0.023729972171393734, 0.023685691270664284, 0.023653595667137185, 0.02363096467528566, 0.023615477090279856, 0.023605217901196466, 0.023598660267902673, 0.02359462876797882, 0.02359225173015638, 0.02359090968542349, 0.02359018403836816, 0.02358980790346342, 0.023589621259175752, 0.023589533525428124, 0.023589495620095692], "LowerCVaROnAcross": [-4.230712959614839, -4.226929274167316, -4.223769198935156, -4.221169788895691, -4.219066199904799, -4.217393587530755, -4.216088827654954, -4.215092006339892, -4.214347639851103, -4.2138056003517805, -4.213421736574863, -4.21315819013432, -4.212983420518175, -4.212871964118695, -4.212803965040149, -4.212764527819137, -4.212742954023608, -4.2127319306652256, -4.212726735282428, -4.212724513549788, -4.212723670152131], "MedianPerfDuringTraining": [[-0.05257490649819374, -0.05058791860938072, -0.04776370897889137, -0.045633867383003235, -0.046064529567956924, -0.04387092590332031, -0.04266316443681717, -0.041072677820920944, -0.04090452939271927, -0.04006156697869301, -0.040763843804597855, -0.0408145897090435, -0.03983680531382561, -0.04073215276002884, -0.0399179570376873, -0.03947049751877785, -0.0387120395898819, -0.039705198258161545, -0.039312269538640976, -0.04028209671378136, -0.03904634714126587], [-0.052419137209653854, -0.05089782550930977, -0.0479254424571991, -0.04615015909075737, -0.04535927623510361, -0.04252127185463905, -0.0404638946056366, -0.03974805027246475, -0.03971586003899574, -0.03947722911834717, -0.039990950375795364, -0.04003223404288292, -0.03925978019833565, -0.03976163640618324, -0.04041089862585068, -0.04009213671088219, -0.04010811075568199, -0.04158921167254448, -0.041269462555646896, -0.04231245815753937, -0.0406436063349247], [-0.05262795835733414, -0.0505087748169899, -0.04721168428659439, -0.04564620926976204, -0.044396884739398956, -0.04249156266450882, -0.04044552147388458, -0.03930480033159256, -0.039289575070142746, -0.03902028873562813, -0.03997877985239029, -0.040035657584667206, -0.03926532343029976, -0.03950405493378639, -0.04040926694869995, -0.0397336408495903, -0.03944079577922821, -0.04009861871600151, -0.03982164338231087, -0.040208108723163605, -0.038707297295331955]]}