{"permutation0": {"curves1": {"IqrAcrossRuns": [0.2394698878753007, 0.23827154049030538, 0.23727701385604313, 0.23646501893993563, 0.23581355318900415, 0.2353006230413835, 0.2349048938913798, 0.23460624522094126, 0.23438621398597986, 0.23422831597694552, 0.23411824145287988, 0.23404392770029595, 0.23399551779759176, 0.23396522180080678, 0.23394710259587628, 0.2339368124447747, 0.2339313067259868, 0.23392855876075216, 0.2339272956780503, 0.2339267702348706, 0.23392657735605196], "LowerCVaROnAcross": [-5.4150298694078085, -5.413106566153202, -5.411509774470657, -5.410204236889809, -5.409154060226681, -5.408323825214252, -5.4076795492814025, -5.407189475491057, -5.406824669723589, -5.406559422101841, -5.406371459573462, -5.40624198400087, -5.40615555797403, -5.406099866078148, -5.40606538449109, -5.406044992602841, -5.406033559636879, -5.406027538550025, -5.406024593129506, -5.406023272827736, -5.406022740132397]}, "curves2": {"IqrAcrossRuns": [0.26163333560715046, 0.2604103095253964, 0.25939231705049637, 0.25855785174882934, 0.2578849855429732, 0.2573519851271316, 0.2569378590728658, 0.25662282255612856, 0.25638867053510733, 0.2562190532360551, 0.25609965144706787, 0.2560182533662063, 0.25596473870929115, 0.25593097946197496, 0.2559106709644797, 0.25589911071751414, 0.2558929445913335, 0.2558899010359733, 0.2558885330313008, 0.25588798435135884, 0.2558877924416051], "LowerCVaROnAcross": [-4.230712959614839, -4.226929274167316, -4.223769198935156, -4.221169788895691, -4.219066199904799, -4.217393587530755, -4.216088827654954, -4.215092006339892, -4.214347639851103, -4.2138056003517805, -4.213421736574863, -4.21315819013432, -4.212983420518175, -4.212871964118695, -4.212803965040149, -4.212764527819137, -4.212742954023608, -4.2127319306652256, -4.212726735282428, -4.212724513549788, -4.212723670152131]}}, "permutation1": {"curves1": {"IqrAcrossRuns": [0.19655675414807708, 0.19570679086492096, 0.194999263345487, 0.19441888808873986, 0.19395026170144747, 0.1935782607978088, 0.19328838707452656, 0.19306705171712682, 0.19290179610603594, 0.1927814485366546, 0.19269621896287026, 0.19263773473603252, 0.19259902152858713, 0.192574435790133, 0.19255955714078413, 0.19255105023240557, 0.19254650575037857, 0.19254427074820182, 0.19254327941723792, 0.19254289479146777, 0.19254277049798416], "LowerCVaROnAcross": [-4.230712959614839, -4.226929274167316, -4.223769198935156, -4.221169788895691, -4.219066199904799, -4.217393587530755, -4.216088827654954, -4.215092006339892, -4.214347639851103, -4.2138056003517805, -4.213421736574863, -4.21315819013432, -4.212983420518175, -4.212871964118695, -4.212803965040149, -4.212764527819137, -4.212742954023608, -4.2127319306652256, -4.212726735282428, -4.212724513549788, -4.212723670152131]}, "curves2": {"IqrAcrossRuns": [0.28595801139623667, 0.2846200236873676, 0.2835006275360569, 0.2825787070802705, 0.28183209494055483, 0.28123830420022466, 0.2807752059031774, 0.28042162809922216, 0.28015785642659147, 0.2799660214294968, 0.2798303635080771, 0.27973737336274035, 0.2796758127514776, 0.27963662767958986, 0.27961277363497766, 0.2795989769572637, 0.2795914571658304, 0.2795876345804587, 0.27958584619489774, 0.2795850891791223, 0.27958480552037623], "LowerCVaROnAcross": [-5.4150298694078085, -5.413106566153202, -5.411509774470657, -5.410204236889809, -5.409154060226681, -5.408323825214252, -5.4076795492814025, -5.407189475491057, -5.406824669723589, -5.406559422101841, -5.406371459573462, -5.40624198400087, -5.40615555797403, -5.406099866078148, -5.40606538449109, -5.406044992602841, -5.406033559636879, -5.406027538550025, -5.406024593129506, -5.406023272827736, -5.406022740132397]}}, "permutation2": {"curves1": {"IqrAcrossRuns": [0.21383169397515314, 0.21289901247618337, 0.21211728142400946, 0.21147202615411742, 0.21094806870397795, 0.21053002370822413, 0.21020275485012924, 0.2099517760433524, 0.209763584307238, 0.209625916018083, 0.209527922368922, 0.20946026331534712, 0.20941512324684528, 0.20938615710363756, 0.20936838062709753, 0.20935802022453215, 0.20935233658287344, 0.20934943534969364, 0.2093480786287468, 0.20934751008726166, 0.20934730366299703], "LowerCVaROnAcross": [-4.056517983322856, -4.052690501110544, -4.049474898275194, -4.046812425949327, -4.044642005679404, -4.042902061484793, -4.0415321897395, -4.040474618826438, -4.039675422983593, -4.039085465557059, -4.0386610582340206, -4.038364336388331, -4.03816336271353, -4.038031980941683, -4.037949450286566, -4.03789990073079, -4.037871660251011, -4.037856514084123, -4.037848959370799, -4.037845511867084, -4.03784410617769]}, "curves2": {"IqrAcrossRuns": [0.2651075892372445, 0.26386832247731246, 0.2628368119847518, 0.2619912657399902, 0.26130946448060643, 0.2607693863021958, 0.26034976102917023, 0.26003054111294627, 0.25979327976525174, 0.2596214101021589, 0.2595004227656042, 0.25941794379198385, 0.25936371850891465, 0.2593295109693835, 0.2593089327934431, 0.2592972190368726, 0.2592909710301234, 0.25928788705910577, 0.2592865008885708, 0.25928594492265633, 0.259285750464515], "LowerCVaROnAcross": [-5.4150298694078085, -5.413106566153202, -5.411509774470657, -5.410204236889809, -5.409154060226681, -5.408323825214252, -5.4076795492814025, -5.407189475491057, -5.406824669723589, -5.406559422101841, -5.406371459573462, -5.40624198400087, -5.40615555797403, -5.406099866078148, -5.40606538449109, -5.406044992602841, -5.406033559636879, -5.406027538550025, -5.406024593129506, -5.406023272827736, -5.406022740132397]}}, "permutation3": {"curves1": {"IqrAcrossRuns": [0.24225091203326699, 0.24103864793808785, 0.240032571615386, 0.23921114679768263, 0.23855211541080626, 0.23803322847611505, 0.23763290362376258, 0.23733078667105018, 0.23710820015790596, 0.2369484684395, 0.2368371155922459, 0.236761938815325, 0.2367129667162207, 0.23668231888438998, 0.23666398925656632, 0.23665357960334674, 0.23664800994525903, 0.23664523006721158, 0.23664395231601199, 0.23664342077072822, 0.23664322565195972], "LowerCVaROnAcross": [-5.4150298694078085, -5.413106566153202, -5.411509774470657, -5.410204236889809, -5.409154060226681, -5.408323825214252, -5.4076795492814025, -5.407189475491057, -5.406824669723589, -5.406559422101841, -5.406371459573462, -5.40624198400087, -5.40615555797403, -5.406099866078148, -5.40606538449109, -5.406044992602841, -5.406033559636879, -5.406027538550025, -5.406024593129506, -5.406023272827736, -5.406022740132397]}, "curves2": {"IqrAcrossRuns": [0.26163333560715096, 0.26041030952539695, 0.25939231705049687, 0.25855785174882984, 0.2578849855429737, 0.2573519851271321, 0.2569378590728663, 0.25662282255612906, 0.25638867053510783, 0.25621905323605565, 0.25609965144706837, 0.2560182533662068, 0.25596473870929165, 0.25593097946197546, 0.2559106709644802, 0.25589911071751464, 0.255892944591334, 0.2558899010359733, 0.2558885330313008, 0.25588798435135884, 0.2558877924416051], "LowerCVaROnAcross": [-4.230712959614839, -4.226929274167316, -4.223769198935156, -4.221169788895691, -4.219066199904799, -4.217393587530755, -4.216088827654954, -4.215092006339892, -4.214347639851103, -4.2138056003517805, -4.213421736574863, -4.21315819013432, -4.212983420518175, -4.212871964118695, -4.212803965040149, -4.212764527819137, -4.212742954023608, -4.2127319306652256, -4.212726735282428, -4.212724513549788, -4.212723670152131]}}, "permutation4": {"curves1": {"IqrAcrossRuns": [0.23171474783618226, 0.2305496640423728, 0.22958862096563284, 0.22880852238940674, 0.2281861364658269, 0.22769875094085365, 0.227324736407257, 0.2270440046919583, 0.22683835513827164, 0.22669170641731917, 0.22659021645301775, 0.22652229711032207, 0.22647853437425108, 0.2264515285277462, 0.22643567209686738, 0.22642688660023796, 0.22642234120431393, 0.226420175038394, 0.22641924126989912, 0.22641888610778496, 0.22641877093320045],