{"bootstrap0": {"IqrAcrossRuns": [0.19456759222235695, 0.19367612244505564, 0.1929388174390441, 0.19233859511453313, 0.1918581762219031, 0.1914805603111022, 0.1911894525617382, 0.1909696284191541, 0.19080722673726339, 0.1906899648915721, 0.19060727033835703, 0.1905503244300923, 0.19051201876224205, 0.19048683050198204, 0.19047063080639254, 0.1904604489115782, 0.19045422004108975, 0.19045054548340565, 0.19044848887262436, 0.1904474229887443, 0.19044692822720263], "LowerCVaROnAcross": [-7.672456510944733, -7.6685048573911265, -7.6652109042884495, -7.6625089645264515, -7.6603304130000245, -7.658606021421611, -7.657268090106263, -7.656252290000494, NaN, -7.654955174560235, NaN, -7.654314326080985, -7.654144682511762, -7.6540382538424, -7.653974698268782, -7.653938901596894, -7.6539201196201025, -7.6539110977592335, NaN, -7.653905807562757, -7.653905388134609]}, "bootstrap1": {"IqrAcrossRuns": [0.06886095579227869, 0.06856656566093915, 0.06832795213415242, 0.06813784527482016, 0.06798924865513442, 0.06787554037606057, 0.0677905638442039, 0.06772870644179506, 0.06768496517084302, 0.06765499652566646, 0.06763514476904844, 0.06762244241937294, 0.06761457975259155, 0.06760984476917713, 0.06760703879904119, 0.0676053757918844, 0.06760437618227032, 0.06760376669045622, 0.06760339721677551, 0.06760318237833547, 0.06760306765306688], "LowerCVaROnAcross": [-5.1299939741099045, -5.127985839140802, -5.126320358440363, -5.124959763393409, -5.123865801622049, -5.12300090726578, -5.122329211534701, -5.1218173625648085, -5.121435135302331, -5.121155824482873, -5.120956427223842, -5.1208176349775165, -5.120723664723737, -5.120661964746002, -5.1206228340229565, -5.120598994404592, -5.120585151045038, -5.120577573251584, -5.12057372213474, -5.120571941068459, -5.120571210322897]}, "bootstrap2": {"IqrAcrossRuns": [0.09243793062488959, 0.09198307930786692, 0.09159966887771366, 0.09128139949718349, 0.09102136851971411, 0.09081239662392912, 0.09064732000995086, 0.09051923835776103, 0.09042171061130697, 0.09034889612413986, 0.0902956442814156, 0.09025753759283531, 0.0902308932719472, 0.09021272760160365, 0.0902006895209255, 0.09019297407979605, 0.09018822775904047, 0.09018545715617378, 0.09018394852242166, 0.09018320127160334, 0.09018287666240306], "LowerCVaROnAcross": [-7.672456510944733, -7.6685048573911265, -7.6652109042884495, -7.6625089645264515, -7.6603304130000245, -7.658606021421611, -7.657268090106263, -7.656252290000494, NaN, -7.654955174560235, NaN, -7.654314326080985, -7.654144682511762, -7.6540382538424, -7.653974698268782, -7.653938901596894, -7.6539201196201025, -7.6539110977592335, NaN, -7.653905807562757, -7.653905388134609]}, "bootstrap3": {"IqrAcrossRuns": [0.09243793062488959, 0.09198307930786692, 0.09159966887771366, 0.09128139949718349, 0.09102136851971411, 0.09081239662392912, 0.09064732000995086, 0.09051923835776103, 0.09042171061130697, 0.09034889612413986, 0.0902956442814156, 0.09025753759283531, 0.0902308932719472, 0.09021272760160365, 0.0902006895209255, 0.09019297407979605, 0.09018822775904047, 0.09018545715617378, 0.09018394852242166, 0.09018320127160334, 0.09018287666240306], "LowerCVaROnAcross": [-7.672456510944733, -7.6685048573911265, -7.6652109042884495, -7.6625089645264515, -7.6603304130000245, -7.658606021421611, -7.657268090106263, -7.656252290000494, NaN, -7.654955174560235, NaN, -7.654314326080985, -7.654144682511762, -7.6540382538424, -7.653974698268782, -7.653938901596894, -7.6539201196201025, -7.6539110977592335, NaN, -7.653905807562757, -7.653905388134609]}, "bootstrap4": {"IqrAcrossRuns": [0.06991368702926536, 0.0696147963259608, 0.06937253492774498, 0.06917952175631058, 0.06902865342399096, 0.06891320679760683, 0.06882693116310967, 0.06876412809825677, 0.06871971812031764, 0.0686892913210457, 0.06866913607511273, 0.06865623953469252, 0.0686482566651804, 0.06864344929437476, 0.06864060042718084, 0.06863891199633423, 0.06863789710490692, 0.06863727829531523, 0.06863690317320166, 0.06863668505035853, 0.06863656857119511], "LowerCVaROnAcross": [-5.1299939741099045, -5.127985839140802, -5.126320358440363, NaN, -5.123865801622049, -5.12300090726578, -5.122329211534701, -5.1218173625648085, NaN, -5.121155824482873, -5.120956427223842, -5.1208176349775165, NaN, -5.120661964746002, -5.1206228340229565, -5.120598994404592, -5.120585151045038, -5.120577573251584, -5.12057372213474, -5.120571941068459, -5.120571210322897]}}