{"permutation0": {"curves1": {"IqrAcrossRuns": [0.37504916321904075, 0.3730986517258724, 0.371480000750611, 0.3701578597842275, 0.36909607685573437, 0.36825878879263796, 0.36761139555960765, 0.3671213872138869, 0.36675900041393766, 0.3664976905728664, 0.36631441463916686, 0.36618972843149017, 0.3661077116185451, 0.36605574369978544, 0.36602416437019397, 0.3660058579157597, 0.36599580124517755, 0.3659906114576887, 0.3659881255959421, 0.3659870389242585, 0.36598661590279424], "LowerCVaROnAcross": [-5.1299939741099045, -5.127985839140802, -5.126320358440363, -5.124959763393409, -5.123865801622049, -5.12300090726578, -5.122329211534701, -5.1218173625648085, -5.121435135302331, -5.121155824482873, -5.120956427223842, -5.1208176349775165, -5.120723664723737, -5.120661964746002, -5.1206228340229565, -5.120598994404592, -5.120585151045038, -5.120577573251584, -5.12057372213474, -5.120571941068459, -5.120571210322897]}, "curves2": {"IqrAcrossRuns": [0.16344727627409156, 0.16252638313732842, 0.16176678712100445, 0.1611498360070431, 0.16065698918323154, 0.16027029223835576, 0.15997277353577977, 0.15974875625822285, 0.15958408382852834, 0.15946626000193315, 0.15938450913751515, 0.1593297656002444, 0.15929460298243683, 0.15927311491128923, 0.15926075978865742, 0.15925418150774714, 0.15925101689419946, 0.1592496991212737, 0.15924926658728, 0.15924918730076495, 0.15924920784746743], "LowerCVaROnAcross": [-7.672456510944733, -7.6685048573911265, -7.6652109042884495, -7.6625089645264515, -7.6603304130000245, -7.658606021421611, -7.657268090106263, -7.656252290000494, -7.655499152994252, -7.654955174560235, -7.654573517412806, -7.654314326080985, -7.654144682511762, -7.6540382538424, -7.653974698268782, -7.653938901596894, -7.6539201196201025, -7.6539110977592335, -7.653907230088328, -7.653905807562757, -7.653905388134609]}}, "permutation1": {"curves1": {"IqrAcrossRuns": [0.26244454911776494, 0.26107007028480567, 0.25993532862364216, 0.2590129804363667, 0.2582756933147146, 0.2576968629064769, 0.2572512266630426, 0.2569153614134136, 0.2566680579379793, 0.25649057051170926, 0.25636674411377713, 0.25628302612318954, 0.25622837332920045, 0.2561940693052781, 0.2561734716707976, 0.2561617127747213, 0.25615537887082973, 0.2561521914587443, 0.25615071250763494, 0.25615009089237906, 0.2561498597011494], "LowerCVaROnAcross": [-4.9153414461838265, -4.913873122255413, -4.912608183238592, -4.911533653695815, -4.91063442962903, -4.909893868012342, -4.909294379893896, -4.908818013553275, -4.908447010180235, -4.908164310150442, -4.907953987049868, -4.907801587571131, -4.907694362537806, -4.907621386234193, -4.907573571490242, -4.907543595835487, -4.907525758672821, -4.907515790590845, -4.907510634567717, -4.907508215905703, -4.907507216497673]}, "curves2": {"IqrAcrossRuns": [0.31086914579954883, 0.3091877060164205, 0.307786570857153, 0.3066372304601714, 0.3057100835587261, 0.3049754418451627, 0.3044044270404235, 0.30396973061909743, 0.3036462137069188, 0.3034113358173997, 0.30324541324722865, 0.3031317174044895, 0.3030564296059517, 0.3030084745838175, 0.3029792613435334, 0.3029623634548727, 0.30295316793153676, 0.30294851761330305, 0.30294636887035914, 0.30294548370871954, 0.3029451706993591], "LowerCVaROnAcross": [-7.672456510944733, -7.6685048573911265, -7.6652109042884495, -7.6625089645264515, -7.6603304130000245, -7.658606021421611, -7.657268090106263, -7.656252290000494, -7.655499152994252, -7.654955174560235, -7.654573517412806, -7.654314326080985, -7.654144682511762, -7.6540382538424, -7.653974698268782, -7.653938901596894, -7.6539201196201025, -7.6539110977592335, -7.653907230088328, -7.653905807562757, -7.653905388134609]}}, "permutation2": {"curves1": {"IqrAcrossRuns": [0.271757692419204, 0.2703443670357502, 0.26917150518986943, 0.26821349217900603, 0.26744413256753324, 0.2668374401809558, 0.2663683441040946, 0.2660132878865143, 0.26575070524355593, 0.26556136217501936, 0.26542856186587943, 0.2653382152142994, 0.26527878647265335, 0.26524113092488266, 0.26521824878947337, 0.2652049840756669, 0.2651976970907624, 0.2651939366113095, 0.26519213537531655, 0.2651913479815076, 0.2651910414634613], "LowerCVaROnAcross": [-4.9153414461838265, -4.913873122255413, -4.912608183238592, -4.911533653695815, -4.91063442962903, -4.909893868012342, -4.909294379893896, -4.908818013553275, -4.908447010180235, -4.908164310150442, -4.907953987049868, -4.907801587571131, -4.907694362537806, -4.907621386234193, -4.907573571490242, -4.907543595835487, -4.907525758672821, -4.907515790590845, -4.907510634567717, -4.907508215905703, -4.907507216497673]}, "curves2": {"IqrAcrossRuns": [0.2831842204350967, 0.2816338610724218, 0.2803494193731018, 0.27930148768218227, 0.27846039584336885, 0.27779707298639916, 0.2772837811100607, 0.27689470465509625, 0.2766063878152064, 0.2763980196422533, 0.2762515764880836, 0.2761518372454671, 0.2760862892024131, 0.2760449432844372, 0.2760200797009125, 0.27600594748845525, 0.2759984406246482, 0.27599477102915937, 0.27599315634221155, 0.27599253813202035, 0.27599234356208907], "LowerCVaROnAcross": [-7.672456510944733, -7.6685048573911265, -7.6652109042884495, -7.6625089645264515, -7.6603304130000245, -7.658606021421611, -7.657268090106263, -7.656252290000494, -7.655499152994252, -7.654955174560235, -7.654573517412806, -7.654314326080985, -7.654144682511762, -7.6540382538424, -7.653974698268782, -7.653938901596894, -7.6539201196201025, -7.6539110977592335, -7.653907230088328, -7.653905807562757, -7.653905388134609]}}, "permutation3": {"curves1": {"IqrAcrossRuns": [0.22186158204457232, 0.22066156944943985, 0.21966160510015123, 0.2188413420337532, 0.21817965437152695, 0.21765535411526343, 0.2172478313692396, 0.21693759654198952, 0.21670670848209694, 0.2165390804596312, 0.21642066457818246, 0.21633952194990036, 0.21628579043515228, 0.21625156581935676, 0.2162307168679775, 0.21621865715615943, 0.21621209448056872, 0.2162087756341207, 0.21620724211586909, 0.21620661039231473, 0.21620638700330141], "LowerCVaROnAcross": [-5.1299939741099045, -5.127985839140802, -5.126320358440363, -5.124959763393409, -5.123865801622049, -5.12300090726578, -5.122329211534701, -5.1218173625648085, -5.121435135302331, -5.121155824482873, -5.120956427223842, -5.1208176349775165, -5.120723664723737, -5.120661964746002, -5.1206228340229565, -5.120598994404592, -5.120585151045038, -5.120577573251584, -5.12057372213474, -5.120571941068459, -5.120571210322897]}, "curves2": {"IqrAcrossRuns": [0.3477811059524274, 0.34595970112522983, 0.3444559864883042, 0.3432337272578413, 0.342256703610619, 0.34148966051442015, 0.3408991210419295, 0.34045404573608057, 0.34012632898036377, 0.3398911296835663, 0.3397270398529193, 0.33961610009268217, 0.33954367637803157, 0.33949821804628705, 0.33947092287813174, 0.3394553404554982, 0.33944694701731176, 0.3394427231852523, 0.3394407633379086, 0.3394399395980295, 0.33943963323258275], "LowerCVaROnAcross": [-7.672456510944733, -7.6685048573911265, -7.6652109042884495, -7.6625089645264515, -7.6603304130000245, -7.658606021421611, -7.657268090106263, -7.656252290000494, -7.655499152994252, -7.654955174560235, -7.654573517412806, -7.654314326080985, -7.654144682511762, -7.6540382538424, -7.653974698268782, -7.653938901596894, -7.6539201196201025, -7.6539110977592335, -7.653907230088328, -7.653905807562757, -7.653905388134609]}}, "permutation4": {"curves1": {"IqrAcrossRuns": [0.21048030440921245, 0.2093279799255314, 0.2083733021562215, 0.20759441348450836, 0.20696926118612977, 0.20647623796385395, 0.2060947271924681, 0.2058055411264029, 0.2055912459367448, 0.2054363736193361, 0.20532752786648684, 0.20525339539499812, 0.20520467597117487, 0.2051739450872708, 0.2051554649098763, 0.2051449609616852, 0.20513938138886562, 0.205136653914947, 0.2051354537781605, 0.20513499428550575, 0.20513484966890844],