{"permutation0": {"curves1": {"IqrAcrossRuns": [0.03881397101240136, 0.03841177622288769, 0.038089622424265515, 0.03783719326252229, 0.03764415690785329, 0.03750050913186679, 0.03739686627012709, 0.03732469828850022, 0.0372764960871241, 0.037245870070172805, 0.037227580687926164, 0.03721750605882246, 0.03721255581738031, 0.037210542536008015, 0.03721002367536346, 0.03721013002990195, 0.03721039938948232, 0.03721063142367331, 0.0372107731837419, 0.03721083843078638, 0.037210858937401184], "LowerCVaROnAcross": [-5.4150298694078085, NaN, -5.411509774470657, NaN, -5.409154060226681, -5.408323825214252, -5.4076795492814025, -5.407189475491057, -5.406824669723589, -5.406559422101841, -5.406371459573462, -5.40624198400087, -5.40615555797403, -5.406099866078148, -5.40606538449109, -5.406044992602841, -5.406033559636879, -5.406027538550025, NaN, NaN, -5.406022740132397]}, "curves2": {"IqrAcrossRuns": [0.05768551083988826, 0.0573431918929063, 0.05705831984195198, 0.0568252310145234, 0.056637961014903926, 0.05649044731962625, 0.056376719498034404, 0.056291069982652965, 0.056228199296158916, 0.05618332981212036, 0.056152283395743664, 0.05613152155790285, 0.05611814948277634, 0.056109886739653676, 0.056105009679582166, 0.056102273078868066, 0.056100820765410425, 0.056100095343702076, 0.05609975530322661, 0.05609960522454299, 0.05609954193061839], "LowerCVaROnAcross": [NaN, NaN, -3.7561025141958195, NaN, -3.7541554893944484, -3.7534380666269724, -3.7528651620643414, -3.7524168526171406, -3.7520737326033666, -3.7518174393533483, NaN, -3.751499576805588, -3.751409829303504, -3.7513508493414447, -3.7513137164635557, -3.7512914601239755, NaN, -3.7512721787251335, NaN, -3.7512674387692, -3.75126685217091]}}, "permutation1": {"curves1": {"IqrAcrossRuns": [0.03999882661998563, 0.03976146448156109, 0.03956393571551396, 0.03940231316143363, 0.039272461139030726, 0.03917017592675512, 0.03909131765972257, 0.03903192874098114, 0.03898833454112158, 0.038957222279368924, 0.038935694859263896, 0.038921298711253494, 0.03891202658543286, 0.03890629724326778, 0.038902915515735596, 0.038901017971345375, 0.038900010944912834, 0.038899507941355854, 0.03889927215909747, 0.03889916809533591, 0.038899124207664997], "LowerCVaROnAcross": [-3.7588520337777735, -3.7573689072534426, -3.7561025141958195, -3.755037270502764, -3.7541554893944484, -3.7534380666269724, -3.7528651620643414, -3.7524168526171406, -3.7520737326033666, -3.7518174393533483, -3.7516310844996985, -3.751499576805588, -3.751409829303504, -3.7513508493414447, -3.7513137164635557, -3.7512914601239755, -3.7512788576222027, -3.7512721787251335, -3.7512689036517903, -3.7512674387692, -3.75126685217091]}, "curves2": {"IqrAcrossRuns": [0.04299216361771162, 0.042908902190308504, 0.04282706751741641, 0.04274894407210512, 0.04267640533559439, 0.04261085802879545, 0.04255321890916976, 0.04250392388068745, 0.04246296664204587, 0.04242996144556768, 0.04240422266058627, 0.042384854095431225, 0.042370840861259536, 0.042361136415485716, 0.042354738921797946, 0.04235075168411937, 0.042348422740624225, 0.04234716195683783, 0.0423465379717441, 0.042346259892104075, 0.04234614962583833], "LowerCVaROnAcross": [-5.4150298694078085, NaN, -5.411509774470657, NaN, -5.409154060226681, -5.408323825214252, -5.4076795492814025, -5.407189475491057, -5.406824669723589, -5.406559422101841, -5.406371459573462, -5.40624198400087, -5.40615555797403, -5.406099866078148, -5.40606538449109, -5.406044992602841, -5.406033559636879, -5.406027538550025, NaN, NaN, -5.406022740132397]}}, "permutation2": {"curves1": {"IqrAcrossRuns": [0.05768551083988826, 0.0573431918929063, 0.05705831984195198, 0.0568252310145234, 0.056637961014903926, 0.05649044731962625, 0.056376719498034404, 0.056291069982652965, 0.056228199296158916, 0.05618332981212036, 0.056152283395743664, 0.05613152155790285, 0.05611814948277634, 0.056109886739653676, 0.056105009679582166, 0.056102273078868066, 0.056100820765410425, 0.056100095343702076, 0.05609975530322661, 0.05609960522454299, 0.05609954193061839], "LowerCVaROnAcross": [-5.4150298694078085, -5.413106566153202, -5.411509774470657, -5.410204236889809, -5.409154060226681, -5.408323825214252, -5.4076795492814025, -5.407189475491057, -5.406824669723589, -5.406559422101841, -5.406371459573462, -5.40624198400087, -5.40615555797403, -5.406099866078148, -5.40606538449109, -5.406044992602841, -5.406033559636879, -5.406027538550025, -5.406024593129506, -5.406023272827736, -5.406022740132397]}, "curves2": {"IqrAcrossRuns": [0.05768551083988826, 0.0573431918929063, 0.05705831984195198, 0.0568252310145234, 0.056637961014903926, 0.05649044731962625, 0.056376719498034404, 0.056291069982652965, 0.056228199296158916, 0.05618332981212036, 0.056152283395743664, 0.05613152155790285, 0.05611814948277634, 0.056109886739653676, 0.056105009679582166, 0.056102273078868066, 0.056100820765410425, 0.056100095343702076, 0.05609975530322661, 0.05609960522454299, 0.05609954193061839], "LowerCVaROnAcross": [-5.4150298694078085, -5.413106566153202, -5.411509774470657, -5.410204236889809, -5.409154060226681, -5.408323825214252, -5.4076795492814025, -5.407189475491057, -5.406824669723589, -5.406559422101841, -5.406371459573462, -5.40624198400087, -5.40615555797403, -5.406099866078148, -5.40606538449109, -5.406044992602841, -5.406033559636879, -5.406027538550025, -5.406024593129506, -5.406023272827736, -5.406022740132397]}}, "permutation3": {"curves1": {"IqrAcrossRuns": [0.04299216361771162, 0.042908902190308504, 0.04282706751741641, 0.04274894407210512, 0.04267640533559439, 0.04261085802879545, 0.04255321890916976, 0.04250392388068745, 0.04246296664204587, 0.04242996144556768, 0.04240422266058627, 0.042384854095431225, 0.042370840861259536, 0.042361136415485716, 0.042354738921797946, 0.04235075168411937, 0.042348422740624225, 0.04234716195683783, 0.0423465379717441, 0.042346259892104075, 0.04234614962583833], "LowerCVaROnAcross": [-5.4150298694078085, NaN, -5.411509774470657, NaN, -5.409154060226681, -5.408323825214252, -5.4076795492814025, -5.407189475491057, -5.406824669723589, -5.406559422101841, -5.406371459573462, -5.40624198400087, -5.40615555797403, -5.406099866078148, -5.40606538449109, -5.406044992602841, -5.406033559636879, -5.406027538550025, NaN, NaN, -5.406022740132397]}, "curves2": {"IqrAcrossRuns": [0.03999882661998563, 0.03976146448156109, 0.03956393571551396, 0.03940231316143363, 0.039272461139030726, 0.03917017592675512, 0.03909131765972257, 0.03903192874098114, 0.03898833454112158, 0.038957222279368924, 0.038935694859263896, 0.038921298711253494, 0.03891202658543286, 0.03890629724326778, 0.038902915515735596, 0.038901017971345375, 0.038900010944912834, 0.038899507941355854, 0.03889927215909747, 0.03889916809533591, 0.038899124207664997], "LowerCVaROnAcross": [-3.7588520337777735, -3.7573689072534426, -3.7561025141958195, -3.755037270502764, -3.7541554893944484, -3.7534380666269724, -3.7528651620643414, -3.7524168526171406, -3.7520737326033666, -3.7518174393533483, -3.7516310844996985, -3.751499576805588, -3.751409829303504, -3.7513508493414447, -3.7513137164635557, -3.7512914601239755, -3.7512788576222027, -3.7512721787251335, -3.7512689036517903, -3.7512674387692, -3.75126685217091]}}, "permutation4": {"curves1": {"IqrAcrossRuns": [0.05768551083988826, 0.0573431918929063, 0.05705831984195198, 0.0568252310145234, 0.056637961014903926, 0.05649044731962625, 0.056376719498034404, 0.056291069982652965, 0.056228199296158916, 0.05618332981212036, 0.056152283395743664, 0.05613152155790285, 0.05611814948277634, 0.056109886739653676, 0.056105009679582166, 0.056102273078868066, 0.056100820765410425, 0.056100095343702076, 0.05609975530322661, 0.05609960522454299, 0.05609954193061839],