{"IqrWithinRuns": [[0.0002296398577137736, 1.0806923339691943e-05, 0.0003777374873712657, 0.00012509456890864276, 9.997943366124327e-05, 0.00018361801027016208, 0.00023632791593154522, 0.00024087031542729145, 0.00021959764181178238, 3.4619203949419366e-05, 0.0003407919095925497, 0.00012438876713275165, 7.988194132590938e-05, 9.327671566338328e-05, 0.00017750754738787231, 4.426214075009456e-05, 5.681997491525046e-05, 4.9495149158731197e-05, 3.6200061325858216e-05, 0.00020497970873202597, 0.00020677566506357965], [0.00019272491603414848, 1.664310774093931e-05, 0.00027835241859716333, 8.434109787649057e-05, 3.852133262611628e-05, 0.00015688871506790365, 0.00014042280696665598, 0.000147120809574474, 0.00014554164807957466, 1.4635683830841997e-05, 0.00017272525893162564, 5.901269177143461e-05, 9.346256614479758e-05, 2.2808792567046615e-05, 8.644233336054233e-05, 2.6710958669100613e-05, 1.4695169713943353e-05, 1.6043037155817108e-05, 6.073472721517253e-05, 8.392883015493613e-05, 2.966260865114521e-05], [0.00017922402744332806, 3.993168727034054e-05, 0.0002521871944541141, 4.4101151856786616e-05, 9.429547689635652e-05, 0.0001337025827179188, 0.00014171234843564712, 0.00016196885580921868, 0.00015444042778257807, 2.033551390133542e-06, 0.00018264338617379937, 7.317792609433806e-05, 7.016673734679443e-05, 8.725568508530825e-06, 0.00011282113918362873, 3.4815968981854754e-05, 6.081459050953156e-05, 2.0765396994664676e-05, 7.607197352358061e-05, 8.487216944517242e-05, 0.00017907750956389537]], "LowerCVaROnDiffs": [-0.00043633467186898696, -0.00024899718362798493, -0.0002702267750093705], "LowerCVaROnDrawdown": [0.0, 0.0, 0.0], "IqrAcrossRuns": [0.13319282112464167, 0.1325825582682744, 0.13207783015472624, 0.13166694310107838, 0.13133806845705315, 0.13107956842687524, 0.13088028825926787, 0.13072980586203173, 0.13061863247534722, 0.13053835992913584, 0.13048175070296128, 0.13044276792023446, 0.130416545465057, 0.13039930263748775, 0.13038821300466513, 0.1303812429061027, 0.13037697888236008, 0.13037446343413595, 0.13037305556456844, 0.13037232590512537, 0.1303719872121048], "LowerCVaROnAcross": [-7.672456510944733, -7.6685048573911265, -7.6652109042884495, -7.6625089645264515, -7.6603304130000245, -7.658606021421611, -7.657268090106263, -7.656252290000494, -7.655499152994252, -7.654955174560235, -7.654573517412806, -7.654314326080985, -7.654144682511762, -7.6540382538424, -7.653974698268782, -7.653938901596894, -7.6539201196201025, -7.6539110977592335, -7.653907230088328, -7.653905807562757, -7.653905388134609], "MedianPerfDuringTraining": [[-0.051253411918878555, -0.0511569119989872, -0.04873234033584595, -0.04722341522574425, -0.04686279594898224, -0.04562909156084061, -0.04446668550372124, -0.04704421013593674, -0.049696046859025955, -0.048651788383722305, -0.049519117921590805, -0.051132962107658386, -0.05103016644716263, -0.0502362959086895, -0.05037771165370941, -0.04940007999539375, -0.04804208502173424, -0.04755638539791107, -0.04668761044740677, -0.04446630924940109, -0.044434163719415665], [-0.05100356414914131, -0.05147852376103401, -0.04937930777668953, -0.04701334238052368, -0.048243939876556396, -0.048262737691402435, -0.047162678092718124, -0.0470321960747242, -0.047898996621370316, -0.046385280787944794, -0.046035755425691605, -0.04594120755791664, -0.04533495008945465, -0.04479299858212471, -0.04443541541695595, -0.044027525931596756, -0.042866386473178864, -0.04342615604400635, -0.04221941903233528, -0.040900301188230515, -0.0403427891433239], [-0.05072762072086334, -0.051134031265974045, -0.048489075154066086, -0.04688967019319534, -0.04659593477845192, -0.04575724899768829, -0.045556049793958664, -0.04736830294132233, -0.04950348660349846, -0.0500791072845459, -0.050163108855485916, -0.05048450455069542, -0.04867830127477646, -0.047527555376291275, -0.04687393084168434, -0.04557168483734131, -0.0442112535238266, -0.042899809777736664, -0.04194784536957741, -0.040792565792798996, -0.040123701095581055]]}